cbsafp,metro_name,PL_count,PL_area_pct,PL_emp_pct,PL_MFG_emp_pct,PL_NT_emp_pct,PL_PS_emp_pct,PL_TS_emp_pct,PL_O_emp_pct,metro_area,metro_emp,Type
35620,"New York-Newark-Jersey City, NY-NJ-PA",2,.43662539,25.430264,21.451965,22.272449,12.074841,48.09301,18.148705,3419.2395,8424.25,Duocentric-Agglomerated
31080,"Los Angeles-Long Beach-Anaheim, CA",9,.52851951,9.4175959,4.4881315,6.3899713,10.445933,17.693352,6.9038401,3695.0264,6376.022,Polycentric-Dispersed
33100,"Miami-Fort Lauderdale-West Palm Beach, FL",8,.18713647,7.6556129,5.8712521,6.6617155,11.376925,11.656978,4.1389666,11134.228,4687.084,Polycentric-Dispersed
16980,"Chicago-Naperville-Elgin, IL-IN-WI",1,.35763329,17.482042,7.3946724,12.239488,16.606792,37.5406,13.101325,4122.8271,4580.9121,Monocentric-Agglomerated
19100,"Dallas-Fort Worth-Arlington, TX",9,.16822337,13.062242,5.826314,12.007673,11.968164,25.408312,9.2203217,21733.43,4497.375,Polycentric-Agglomerated
47900,"Washington-Arlington-Alexandria, DC-VA-MD-WV",4,.36577234,20.273638,9.2460136,10.686021,30.18998,21.50713,13.251532,4084.4924,4031.531,Polycentric-Dispersed
26420,"Houston-The Woodlands-Sugar Land, TX",8,.13601318,13.872792,12.737733,7.8720279,13.765149,21.260698,13.438443,20172.316,3846.6589,Polycentric-Dispersed
37980,"Philadelphia-Camden-Wilmington, PA-NJ-DE-MD",3,.38165575,16.783371,10.553192,12.150206,20.972258,24.65218,10.079897,4455.2358,2965.0239,Polycentric-Agglomerated
12060,"Atlanta-Sandy Springs-Roswell, GA",4,.4931547,14.105331,10.633419,11.363393,16.618078,23.085815,7.7325435,4846.3198,2916.7339,Polycentric-Agglomerated
14460,"Boston-Cambridge-Newton, MA-NH",1,.45562655,20.229023,6.105341,14.903384,20.754707,35.854408,14.878945,3800.5835,2792.3,Monocentric-Agglomerated
41860,"San Francisco-Oakland-Hayward, CA",2,.33337519,17.706099,8.6497278,15.691208,15.216547,30.403959,13.435014,2880.1653,2726.761,Duocentric-Agglomerated
38060,"Phoenix-Mesa-Scottsdale, AZ",7,.32214895,9.257103,3.5755682,6.0174603,17.809753,12.923883,4.876708,4827.0313,2381.717,Polycentric-Dispersed
42660,"Seattle-Tacoma-Bellevue, WA",4,.17175475,17.135092,8.5349808,14.829058,24.357437,26.556456,9.8617401,8886.2178,2254.397,Polycentric-Agglomerated
19820,"Detroit-Warren-Dearborn, MI",6,.47953802,10.289375,6.5768189,5.3048611,13.4648,18.098404,7.6095433,2507.2612,2178.0039,Polycentric-Dispersed
33460,"Minneapolis-St. Paul-Bloomington, MN-WI",5,.32250169,14.500728,7.8845944,8.1688414,23.423977,23.922091,6.4082727,4615.9673,2134.217,Polycentric-Agglomerated
19740,"Denver-Aurora-Lakewood, CO",3,.28290498,14.034834,7.9804068,11.565802,11.106193,25.112267,11.354795,4093.031,1986.151,Polycentric-Agglomerated
41740,"San Diego-Carlsbad, CA",4,.29178366,7.9446149,5.7628994,8.3295889,6.2293396,13.902332,5.2496519,2769.7764,1857.17,Polycentric-Dispersed
45300,"Tampa-St. Petersburg-Clearwater, FL",5,.3607288,7.8501763,4.9159846,4.938621,13.898544,11.337672,4.5149589,3361.4314,1813.972,Polycentric-Dispersed
12580,"Baltimore-Columbia-Towson, MD",2,.32766733,13.535242,4.0027838,9.7924156,20.268604,15.667996,10.463175,3699.7339,1658.67,Duocentric-Dispersed
41180,"St. Louis, MO-IL",5,.23723504,13.450948,10.109661,7.03368,16.103849,24.982576,6.82517,4708.7153,1621.291,Polycentric-Agglomerated
36740,"Orlando-Kissimmee-Sanford, FL",4,.27291495,8.0481033,3.2191849,6.0389152,20.154243,10.50451,3.0098956,4009.2834,1563.213,Polycentric-Dispersed
38900,"Portland-Vancouver-Hillsboro, OR-WA",1,.29516119,15.54995,7.8906288,11.658923,23.832888,24.775623,9.6463833,4617.6826,1425.548,Monocentric-Agglomerated
38300,"Pittsburgh, PA",3,.22640859,15.608171,9.2498913,9.2217207,22.262077,25.781635,9.5520163,4829.7876,1349.934,Polycentric-Agglomerated
28140,"Kansas City, MO-KS",3,.26457918,14.412457,11.399081,8.0635233,11.532621,30.74604,7.7577295,4804.1016,1317.6379,Polycentric-Agglomerated
17460,"Cleveland-Elyria, OH",2,.36232352,14.241962,8.9946251,9.4726439,18.768591,25.2784,7.7339005,2616.5002,1254.799,Duocentric-Agglomerated
17140,"Cincinnati, OH-KY-IN",3,.24965625,14.182402,10.578593,7.9506488,19.396498,23.92185,8.8890142,4657.7021,1251.812,Polycentric-Agglomerated
41940,"San Jose-Sunnyvale-Santa Clara, CA",3,.25637266,6.5868254,2.0288024,5.0511198,12.137437,11.054508,3.1207461,1926.2285,1244.302,Polycentric-Dispersed
26900,"Indianapolis-Carmel-Anderson, IN",4,.14246373,15.963853,4.0313845,8.4114342,31.934767,25.190048,6.9867554,9900.3867,1242.15,Polycentric-Agglomerated
18140,"Columbus, OH",3,.19286406,15.183103,4.3610559,10.792795,23.125444,22.992098,9.1638613,4757.9341,1182.973,Polycentric-Dispersed
16740,"Charlotte-Concord-Gastonia, NC-SC",4,.26316667,15.377903,10.985898,9.821312,13.320366,32.416794,10.630929,4729.2427,1181.468,Polycentric-Agglomerated
40140,"Riverside-San Bernardino-Ontario, CA",3,.1566136,5.0080738,.30214253,1.5953307,15.965935,4.1473637,1.4134248,3712.9275,1148.745,Polycentric-Dispersed
40900,"Sacramento--Roseville--Arden-Arcade, CA",2,.17078541,12.840893,1.8933771,4.8907113,27.903809,11.052846,5.0190434,3988.4619,1123.2629,Duocentric-Dispersed
41700,"San Antonio-New Braunfels, TX",3,.16685654,9.5627651,2.8489726,7.7395906,15.195086,13.684536,5.6276898,4869.8232,1099.546,Polycentric-Dispersed
47260,"Virginia Beach-Norfolk-Newport News, VA-NC",3,.29474443,8.30021,15.191759,4.1931658,6.4529119,12.986126,7.074841,2990.7678,1026.974,Polycentric-Dispersed
29820,"Las Vegas-Henderson-Paradise, NV",2,.14076668,9.5830946,1.2902285,21.411633,4.951725,4.220336,2.8717058,4751.1538,1017.594,Duocentric-Dispersed
12420,"Austin-Round Rock, TX",1,.15808725,13.235176,2.9145997,8.5882044,27.410412,15.493421,6.1490026,4789.3789,1010.625,Monocentric-Dispersed
33340,"Milwaukee-Waukesha-West Allis, WI",2,.25076488,11.564178,2.7071958,9.5404997,14.652542,24.519569,9.1150446,2665.8342,979.49902,Duocentric-Agglomerated
34980,"Nashville-Davidson--Murfreesboro--Franklin, TN",2,.19012274,13.753661,3.4512687,8.5609913,25.456537,21.986788,5.9572759,4756.1147,957.12701,Duocentric-Dispersed
27260,"Jacksonville, FL",2,.25490925,9.4336672,4.7497158,3.8547082,13.259179,17.375448,8.291646,3798.7371,863.97998,Duocentric-Dispersed
25540,"Hartford-West Hartford-East Hartford, CT",1,.22743814,15.254759,1.7688848,3.8155918,22.564245,29.558264,6.1834769,3135.5171,861.59998,Monocentric-Agglomerated
40060,"Richmond, VA",2,.18537514,17.018238,11.264061,5.8706775,24.252008,26.50131,13.183848,4616.8091,835.53302,Duocentric-Agglomerated
39300,"Providence-Warwick, RI-MA",2,.25995868,12.221253,2.0418375,6.0386539,23.113632,15.482166,9.0482492,3199.6335,830.414,Duocentric-Dispersed
41620,"Salt Lake City, UT",1,.18212175,7.773376,3.7579348,6.6210628,7.0783143,11.193094,9.2868366,1921.9615,785.56598,Monocentric-Dispersed
39580,"Raleigh, NC",4,.23474273,12.556999,10.653584,4.5882196,27.255411,9.7415371,6.702332,3459.2129,769.74597,Polycentric-Dispersed
35380,"New Orleans-Metairie, LA",1,.13412361,13.211636,7.7793913,17.282463,13.754363,23.037424,7.0736041,2376.373,761.45001,Monocentric-Dispersed
32820,"Memphis, TN-MS-AR",2,.16193667,9.912797,5.5751343,8.3293467,13.68584,17.843147,6.6070061,4592.4063,760.17902,Duocentric-Dispersed
31140,"Louisville/Jefferson County, KY-IN",1,.11817241,10.62856,2.15347,5.5762515,19.683657,19.088169,7.0861268,4438.5029,760.15002,Monocentric-Dispersed
14860,"Bridgeport-Stamford-Norwalk, CT",3,.49821284,13.397071,8.5590811,10.810949,8.2388649,26.857445,8.1560307,1393.7057,758.21802,Polycentric-Agglomerated
36420,"Oklahoma City, OK",3,.19340675,14.465623,6.5925021,4.0946155,31.876152,11.832006,7.2110209,4589.251,753.63501,Polycentric-Dispersed
15380,"Buffalo-Cheektowaga-Niagara Falls, NY",1,.21698223,11.477778,5.0063272,5.7272129,15.281936,25.211384,6.5049839,2832.5081,701.12,Monocentric-Agglomerated
36540,"Omaha-Council Bluffs, NE-IA",2,.12479805,12.15839,8.3963995,4.1834006,16.720465,24.273371,5.2396693,4656.501,615.39398,Duocentric-Agglomerated
12940,"Baton Rouge, LA",2,.12217151,12.907771,2.8061366,6.3258977,27.351351,13.437593,5.3461599,4548.5288,596.84198,Duocentric-Dispersed
13820,"Birmingham-Hoover, AL",1,.14448559,11.362162,6.2302437,5.5476074,19.809668,17.222849,7.0094995,4709.709,588.72601,Monocentric-Dispersed
46520,"Urban Honolulu, HI",1,.098598219,14.680534,5.0236969,4.551475,18.814093,29.277775,11.822955,2218.2593,573.20801,Monocentric-Agglomerated
46140,"Tulsa, OK",2,.14032482,11.610479,5.6050386,8.9090147,14.996737,18.87907,11.084723,4588.5688,567.005,Duocentric-Dispersed
10580,"Albany-Schenectady-Troy, NY",1,.13609055,19.13608,2.3865592,5.3830357,32.898262,15.916187,6.8736544,3626.3159,560.862,Monocentric-Dispersed
40380,"Rochester, NY",1,.17941867,10.036684,2.6675763,4.3921933,10.60603,26.283075,6.4048057,3307.0879,542.73901,Monocentric-Agglomerated
35300,"New Haven-Milford, CT",1,.42798433,13.018905,4.2619505,5.8283253,22.021847,19.492937,8.7125683,1547.2255,541.40503,Monocentric-Dispersed
46060,"Tucson, AZ",4,.13203983,10.659185,22.899149,3.6791661,18.099087,6.2404833,3.5501714,4543.6357,536.81403,Polycentric-Dispersed
24340,"Grand Rapids-Wyoming, MI",1,.17000946,8.7029848,2.0839841,4.9733915,18.635481,16.436995,6.9795938,3714.7913,520.62598,Monocentric-Dispersed
10740,"Albuquerque, NM",3,.092931144,13.950902,3.5820789,5.359158,27.561756,15.162978,5.3315496,4643.4126,512.44,Polycentric-Dispersed
19380,"Dayton, OH",2,.22740787,10.963107,4.3632536,3.6347439,23.19755,11.257347,4.1693277,2555.6853,511.698,Duocentric-Dispersed
35840,"North Port-Sarasota-Bradenton, FL",1,.1066277,5.7770691,4.6829929,4.0487242,8.6419487,11.097524,3.2624407,3163.1641,509.099,Monocentric-Dispersed
37100,"Oxnard-Thousand Oaks-Ventura, CA",2,.13631305,4.8496284,4.2567735,5.5032048,3.805341,6.7705917,4.198143,2613.9524,487.625,Duocentric-Dispersed
28940,"Knoxville, TN",1,.10091512,6.2206988,3.5650694,4.6523004,10.506066,6.7692347,4.4612536,3900.8118,477.58301,Monocentric-Dispersed
24860,"Greenville-Anderson-Mauldin, SC",1,.093429662,7.0057354,4.784101,3.5945003,8.7029476,16.908098,3.850584,4330.9976,466.061,Monocentric-Dispersed
30780,"Little Rock-North Little Rock-Conway, AR",2,.11952718,15.887027,3.0107086,5.9090061,28.984055,18.850529,6.5044131,4352.3721,461.987,Duocentric-Dispersed
24660,"Greensboro-High Point, NC",2,.23522346,12.161371,6.5546336,5.2724667,22.488913,19.730732,8.2983179,3134.1631,461.56799,Duocentric-Dispersed
25420,"Harrisburg-Carlisle, PA",2,.12973332,19.007999,2.2891548,3.5593221,36.762802,15.809592,12.587008,3034.0688,460.927,Duocentric-Dispersed
17900,"Columbia, SC",1,.12859605,15.750077,7.7092848,6.5441332,27.534485,18.562313,9.2506876,4566.8135,460.23901,Monocentric-Dispersed
10420,"Akron, OH",1,.23997115,9.8271189,1.3997899,2.0066929,21.861814,11.014221,10.000748,1978.8043,455.68799,Monocentric-Dispersed
49340,"Worcester, MA-CT",3,.18497135,13.956334,11.089105,9.3280277,23.906996,14.644017,5.6296477,3342.3274,453.53601,Polycentric-Dispersed
10900,"Allentown-Bethlehem-Easton, PA-NJ",1,.19348031,8.1270103,1.8987703,4.7257724,13.216236,7.9998708,10.497946,2683.7129,449.53799,Monocentric-Dispersed
15980,"Cape Coral-Fort Myers, FL",1,.20239121,5.9027643,1.023674,1.8884902,12.364482,4.545229,7.9114718,2005.2927,444.673,Monocentric-Dispersed
31540,"Madison, WI",2,.09978883,17.629143,1.356505,8.6695738,40.91748,11.466868,6.0292425,4196.5757,441.27499,Duocentric-Dispersed
19780,"Des Moines-West Des Moines, IA",1,.13274962,17.359636,3.4869645,6.1179562,28.612577,31.364386,5.5426378,3672.3862,429.60001,Monocentric-Agglomerated
17820,"Colorado Springs, CO",2,.078417301,8.1392813,3.1474159,4.0542364,13.844864,11.620942,5.0283475,4301.8906,422.224,Duocentric-Dispersed
16700,"Charleston-North Charleston, SC",1,.15330629,13.220852,4.5363741,11.702809,26.249166,11.154132,5.7022901,2730.9202,403.32501,Monocentric-Dispersed
37340,"Palm Bay-Melbourne-Titusville, FL",2,.14814372,5.3922038,4.8330345,2.3147511,6.4909978,14.864579,1.5266891,2582.8433,394.922,Duocentric-Dispersed
21340,"El Paso, TX",1,.17472197,8.4403706,1.6835427,4.3270116,18.576265,11.88207,3.8922038,1717.6024,394.02301,Monocentric-Dispersed
45780,"Toledo, OH",1,.14397849,8.271965,6.252471,3.2332695,10.43242,15.720144,6.4615998,1953.3728,388.22699,Monocentric-Dispersed
23420,"Fresno, CA",1,.10829911,10.378053,1.2654091,3.5615382,26.190926,7.2670879,3.8284423,3354.0984,381.82501,Monocentric-Dispersed
14260,"Boise City, ID",1,.086934306,14.387148,7.5834417,8.0807934,24.352625,15.926023,13.38605,4459.3213,376.03699,Monocentric-Dispersed
45060,"Syracuse, NY",1,.11948046,17.488707,1.7300758,7.8361373,32.435734,27.808344,7.1931,3291.8203,371.88,Monocentric-Agglomerated
44140,"Springfield, MA",1,.15110859,9.4665852,6.8896484,4.1291132,12.723275,13.4026,7.8379207,2646.4009,368.306,Monocentric-Dispersed
48620,"Wichita, KS",2,.10099501,15.573201,16.648153,4.7171969,28.273647,19.417946,6.8859677,4518.0635,359.80399,Duocentric-Dispersed
27140,"Jackson, MS",1,.084509827,11.900737,2.1978471,3.3848863,25.069326,13.393106,6.1277518,4736.1592,359.64999,Monocentric-Dispersed
45940,"Trenton, NJ",1,.28488809,14.383348,1.0580868,2.0637019,31.078548,4.5690508,6.4463129,702.71356,354.09,Monocentric-Dispersed
49180,"Winston-Salem, NC",2,.17035317,13.66999,7.2924113,5.0524545,29.680002,18.791037,4.9663596,3700.0198,353.21899,Duocentric-Dispersed
30460,"Lexington-Fayette, KY",1,.088784464,10.994263,1.8152004,10.016456,21.163376,16.911228,4.893198,3521.2483,351.35599,Monocentric-Dispersed
20500,"Durham-Chapel Hill, NC",3,.1881481,14.247042,4.179297,4.9696403,29.269428,7.2702842,5.2798033,2622.9148,347.237,Polycentric-Dispersed
19660,"Deltona-Daytona Beach-Ormond Beach, FL",1,.073417179,5.0409627,.80425853,2.1399739,5.1604271,18.344608,1.0526316,2969.6594,335.55099,Monocentric-Dispersed
16860,"Chattanooga, TN-GA",1,.11930265,14.228008,3.629899,6.9930987,24.832047,26.471586,10.054633,3876.0886,333.216,Monocentric-Agglomerated
29460,"Lakeland-Winter Haven, FL",1,.037833869,3.1983755,14.876102,2.0325136,.15823232,.27550259,.17709692,3140.4333,327.979,Monocentric-Dispersed
29180,"Lafayette, LA",2,.13920407,10.717238,5.0752649,5.7655525,18.664207,17.985989,7.8693027,3862.2129,318.151,Duocentric-Dispersed
45220,"Tallahassee, FL",1,.086064234,17.851326,3.0046148,6.3910728,31.162111,14.340364,5.2958355,4284.0576,316.22299,Monocentric-Dispersed
29540,"Lancaster, PA",1,.14984865,6.6066575,1.5300151,4.8527908,12.083492,11.575142,5.4522963,2460.0476,299.62201,Monocentric-Dispersed
37860,"Pensacola-Ferry Pass-Brent, FL",1,.11666399,4.9910998,1.8654524,2.6687007,5.396729,13.598665,3.043891,1821.2357,297.189,Monocentric-Dispersed
29620,"Lansing-East Lansing, MI",2,.11091352,17.455639,1.7402836,6.339962,35.036785,13.696104,7.5274467,3888.6794,295.53201,Duocentric-Dispersed
32580,"McAllen-Edinburg-Mission, TX",1,.10668497,4.2090726,2.6305048,7.9363604,2.9593096,5.25983,2.7530222,3226.5198,294.673,Monocentric-Dispersed
42540,"Scranton--Wilkes-Barre--Hazleton, PA",2,.13328758,10.243407,3.6030777,7.1769676,14.315183,21.522219,5.8095236,2284.1521,289.67899,Duocentric-Dispersed
43340,"Shreveport-Bossier City, LA",2,.092623375,12.971393,3.6260624,9.50173,25.656239,13.788059,5.9637966,4049.2461,288.66599,Duocentric-Dispersed
44700,"Stockton-Lodi, CA",1,.07014022,5.3722734,1.7884958,2.8169534,10.866468,9.1437225,2.4133248,3298.5454,288.444,Monocentric-Dispersed
49660,"Youngstown-Warren-Boardman, OH-PA",2,.2105784,7.6065102,1.9561552,3.7111022,16.937193,9.2261906,3.4040027,2510.7991,286.991,Duocentric-Dispersed
38860,"Portland-South Portland, ME",1,.16035938,16.098927,7.3284221,10.851785,20.976696,25.984657,12.235573,2926.8118,285.34201,Monocentric-Agglomerated
44060,"Spokane-Spokane Valley, WA",1,.08875075,17.13875,5.9266815,16.604544,28.056791,24.009779,7.8309236,4079.884,281.09399,Monocentric-Agglomerated
38940,"Port St. Lucie, FL",1,.090054318,5.0722361,2.0643284,2.3894444,9.108367,8.2863312,3.9545128,2849.2727,276.939,Monocentric-Dispersed
42200,"Santa Maria-Santa Barbara, CA",1,.031525373,11.153374,3.9235747,12.033889,13.200603,18.360207,6.9068298,6744.0229,275.79099,Monocentric-Dispersed
26620,"Huntsville, AL",2,.11383747,11.941147,1.2479565,3.6108592,34.332401,7.4504418,3.8827908,2745.6006,274.44601,Duocentric-Dispersed
31700,"Manchester-Nashua, NH",1,.20080256,9.9774761,4.8735032,5.9514885,15.788603,17.603231,6.1371446,1771.6819,272.59399,Monocentric-Dispersed
23060,"Fort Wayne, IN",1,.080785029,7.8934407,1.8262135,2.6243408,14.458558,14.190807,5.9448071,2631.1257,272.03601,Monocentric-Dispersed
42220,"Santa Rosa, CA",1,.09444207,6.2940526,.9985376,6.9970636,9.4389553,10.298891,3.8748729,2712.8418,270.70001,Monocentric-Dispersed
12540,"Bakersfield, CA",1,.043144584,6.5032072,1.938285,5.1896744,11.900443,11.607118,2.3708782,4781.7744,268.16,Monocentric-Dispersed
14500,"Boulder, CO",1,.19054326,10.664878,4.5255308,18.581575,6.2452931,16.246998,7.210516,1578.2833,263.91299,Monocentric-Dispersed
11460,"Ann Arbor, MI",1,.15985082,17.793962,2.7175405,11.509315,34.860836,18.270733,6.72893,1836.5546,258.953,Monocentric-Dispersed
39900,"Reno, NV",1,.06374798,9.5214739,1.8115374,16.886177,14.238933,8.9524965,3.3152921,3237.3416,258.94101,Monocentric-Dispersed
39340,"Provo-Orem, UT",1,.19098897,7.0568523,10.892714,8.5849276,10.048844,5.6177001,2.9124622,2557.6245,255.468,Monocentric-Dispersed
44180,"Springfield, MO",2,.10826311,10.950442,5.9383245,4.3399262,26.084505,10.657318,5.1068816,4151.0894,255.46001,Duocentric-Dispersed
33660,"Mobile, AL",1,.088973694,7.7388134,6.9029326,5.6956434,8.6112995,12.051376,5.7053571,2387.0044,255.22,Monocentric-Dispersed
11540,"Appleton, WI",1,.067167535,4.2426,.70515406,5.9765625,7.5041113,7.2222829,3.1529858,2793.2971,252.086,Monocentric-Dispersed
11700,"Asheville, NC",1,.08241865,8.5686808,2.9905496,7.8439655,11.63855,16.58563,5.3876882,3639.5947,250.58701,Monocentric-Dispersed
18580,"Corpus Christi, TX",1,.13934122,12.697691,5.8755965,7.478961,18.130417,20.49225,8.1052389,2914.3159,250.58099,Monocentric-Dispersed
34940,"Naples-Immokalee-Marco Island, FL",1,.057537638,3.2307427,.37717286,1.3233094,15.50992,1.0984734,.65715849,2830.4241,249.633,Monocentric-Dispersed
11260,"Anchorage, AK",2,.1063583,17.105322,16.458933,19.059366,17.072083,25.205383,11.020569,2293.0178,248.145,Duocentric-Agglomerated
19340,"Davenport-Moline-Rock Island, IA-IL",1,.12286841,12.560246,1.9571607,5.3121305,21.119459,17.463877,14.44686,3563.126,247.11301,Monocentric-Dispersed
36260,"Ogden-Clearfield, UT",1,.065769129,6.2050567,1.7484803,4.1195655,6.778739,14.299562,4.7198157,3328.8599,246.283,Monocentric-Dispersed
33860,"Montgomery, AL",1,.074695267,12.601213,2.7680738,4.2283597,20.992516,16.312901,11.349635,4268.1084,242.929,Monocentric-Dispersed
12260,"Augusta-Richmond County, GA-SC",1,.10572222,14.116111,3.7034795,5.0575967,24.60174,22.085928,9.0903931,4080.4741,241.993,Monocentric-Dispersed
22220,"Fayetteville-Springdale-Rogers, AR-MO",1,.046597842,6.768878,1.5326486,24.442177,.45368034,2.711134,.67121679,4531.312,238.91701,Monocentric-Dispersed
15940,"Canton-Massillon, OH",2,.19131376,11.862172,2.6516097,10.36133,19.71188,18.502157,10.245243,2024.9135,231.332,Duocentric-Dispersed
49620,"York-Hanover, PA",1,.19674903,9.2800589,5.478189,3.3318682,21.045305,14.918201,6.3027334,2156.26,229.35201,Monocentric-Dispersed
41420,"Salem, OR",1,.10755604,15.470173,2.2460334,10.343183,31.286089,15.967995,3.706558,2906.1064,225.938,Monocentric-Dispersed
39740,"Reading, PA",1,.20237955,11.185876,2.4296949,5.9147086,29.087502,7.7670193,6.3373866,2193.3447,222.772,Monocentric-Dispersed
42340,"Savannah, GA",1,.08472535,9.282526,2.4286969,13.234385,11.734734,17.304071,4.9044342,2434.21,222.698,Monocentric-Dispersed
30700,"Lincoln, NE",1,.074511133,14.055558,3.9435406,9.1790514,19.01845,23.879705,8.0083351,2852.2446,218.11301,Monocentric-Agglomerated
13140,"Beaumont-Port Arthur, TX",1,.072163485,5.1526341,1.3557899,3.676955,12.45823,4.9344549,1.755909,3809.7144,216.957,Monocentric-Dispersed
22660,"Fort Collins, CO",1,.061985761,5.1045294,1.5108739,6.6580586,4.7278566,8.5469179,4.1024075,3025.7004,216.925,Monocentric-Dispersed
25860,"Hickory-Lenoir-Morganton, NC",1,.066654578,4.9292378,2.9376369,2.4186153,7.4645147,11.167812,4.2824988,3569.3999,215.50999,Monocentric-Dispersed
33700,"Modesto, CA",1,.077968061,11.500957,2.2392211,5.1979909,25.788078,15.310379,6.1083088,2807.782,213.617,Monocentric-Dispersed
21780,"Evansville, IN-KY",1,.076316051,12.621266,6.9726501,3.9987013,12.763938,31.57242,13.312878,3355.7634,208.42599,Monocentric-Agglomerated
40220,"Roanoke, VA",1,.084685504,9.6750689,4.8228188,5.2511468,10.636665,23.155331,6.6582856,3247.1311,205.89,Monocentric-Agglomerated
21660,"Eugene, OR",1,.076852717,15.869234,4.3321533,9.651721,31.212038,20.717398,6.0982671,3661.959,204.427,Monocentric-Dispersed
22420,"Flint, MI",1,.21161895,8.0123329,6.8452468,3.2954066,13.738204,13.662239,3.7670176,1653.5876,204.33501,Monocentric-Dispersed
41500,"Salinas, CA",1,.07177408,6.9857926,2.7941177,9.9637642,6.1295662,10.012688,5.3578939,2700.897,204.32899,Monocentric-Dispersed
12100,"Atlantic City-Hammonton, NJ",2,.1605449,22.572393,3.9615936,41.699993,11.604038,23.417263,2.5485034,1409.8427,202.123,Duocentric-Agglomerated
37900,"Peoria, IL",1,.062003702,10.373003,8.8463173,3.5844843,15.12692,17.196114,7.5787401,4029.3748,201.205,Monocentric-Dispersed
23540,"Gainesville, FL",1,.13590528,16.61887,5.1759086,5.4058046,34.346619,3.5391901,5.063055,2483.2312,201.19901,Monocentric-Dispersed
48900,"Wilmington, NC",1,.11197141,13.874739,6.5347676,4.3195553,6.762825,40.965477,4.4613314,1841.0446,197.683,Monocentric-Agglomerated
24580,"Green Bay, WI",1,.11314014,5.98593,1.6778524,4.0760121,12.9872,9.1600618,3.5846725,2151.2515,193.036,Monocentric-Dispersed
43900,"Spartanburg, SC",1,.14806452,10.820461,1.440659,10.521214,25.445332,17.385675,5.6057105,2743.0005,192.672,Monocentric-Dispersed
40420,"Rockford, IL",1,.11864705,7.5757895,2.3544405,3.0851967,13.923886,15.607357,5.9574356,2054.6172,191.452,Monocentric-Dispersed
43780,"South Bend-Mishawaka, IN-MI",1,.10083008,9.0276833,1.937454,4.3016963,15.663633,16.075861,8.32234,1983.0286,190.37,Monocentric-Dispersed
36100,"Ocala, FL",1,.078934647,6.1677899,2.5842056,3.8476954,13.604806,8.5575733,2.5313132,3165.3667,190.214,Monocentric-Dispersed
35980,"Norwich-New London, CT",2,.22683538,23.745619,49.671307,20.988035,33.766781,3.7263494,1.7910814,1707.2925,189.715,Duocentric-Dispersed
31180,"Lubbock, TX",1,.09683492,8.5267353,4.9960279,4.1756973,16.26796,9.8380127,4.0375147,3356.3201,187.692,Monocentric-Dispersed
18880,"Crestview-Fort Walton Beach-Destin, FL",1,.018144475,9.5100355,.13231888,.16972478,31.397287,.077746756,.054519165,3104.3489,185.646,Monocentric-Dispersed
16820,"Charlottesville, VA",2,.10270036,33.43058,4.6573081,10.268292,15.809621,19.265951,62.782192,3531.2766,183.383,Duocentric-Dispersed
22180,"Fayetteville, NC",1,.072920956,5.8132944,6.4547482,2.0938928,8.0018578,7.4936552,4.8205609,2315.2266,179.89799,Monocentric-Dispersed
25060,"Gulfport-Biloxi-Pascagoula, MS",1,.11478972,5.8599949,3.2983415,1.5765457,12.902621,5.9937205,2.623615,2395.6431,178.908,Monocentric-Dispersed
16300,"Cedar Rapids, IA",1,.064427949,12.71655,7.0872526,6.6397128,11.830916,29.706608,7.8776693,3200.8037,176.51801,Monocentric-Agglomerated
28020,"Kalamazoo-Portage, MI",1,.12421969,13.482447,2.7363107,6.5165234,30.013006,14.350006,5.7607422,2161.8315,175.12399,Monocentric-Dispersed
17980,"Columbus, GA-AL",1,.05486922,9.9362774,4.6597919,4.372746,9.5595198,26.919495,4.3971262,3417.0649,173.56599,Monocentric-Agglomerated
46700,"Vallejo-Fairfield, CA",1,.16820937,4.4364524,1.7845223,4.6854081,8.0201979,4.4090314,1.709731,961.77191,172.39,Monocentric-Dispersed
34820,"Myrtle Beach-Conway-North Myrtle Beach, SC-NC",1,.091913871,3.253675,1.3903569,4.8649197,1.8164368,3.7611763,2.3706896,2175.7986,170.269,Monocentric-Dispersed
16620,"Charleston, WV",2,.057529911,26.887739,8.1141186,13.109525,38.969826,37.698612,14.368084,2716.658,169.02499,Duocentric-Agglomerated
22020,"Fargo, ND-MN",1,.04403558,10.408856,4.010035,8.4659195,10.666399,14.986737,12.78756,4112.4609,165.657,Monocentric-Dispersed
21500,"Erie, PA",1,.11902568,12.136086,2.9964011,4.6914735,20.640049,24.001829,12.679265,1995.1107,160.95799,Monocentric-Agglomerated
43620,"Sioux Falls, SD",1,.05021137,8.0511541,6.9283695,5.1569219,6.4485526,17.316454,4.2954149,3856.4529,160.3,Monocentric-Dispersed
44100,"Springfield, IL",1,.065338239,14.73396,8.8512402,7.7789841,20.307049,18.642382,7.8537688,2965.0815,159.957,Monocentric-Dispersed
46540,"Utica-Rome, NY",1,.043027584,6.9716043,2.5953097,2.9726033,9.1194286,9.3439846,8.6134624,3774.0378,157.453,Monocentric-Dispersed
13780,"Binghamton, NY",1,.081847332,12.364729,4.253015,8.6695032,20.332087,19.634068,6.138762,2519.179,156.44501,Monocentric-Dispersed
15180,"Brownsville-Harlingen, TX",1,.087262683,4.5619373,1.7041582,3.6971047,7.6730323,6.1179576,2.3024657,2007.2681,155.811,Monocentric-Dispersed
28660,"Killeen-Temple, TX",1,.029106742,5.3344436,.69358569,5.7681851,10.48881,1.5471451,1.30143,3649.9324,153.718,Monocentric-Dispersed
26580,"Huntington-Ashland, WV-KY-OH",1,.048142556,8.9390631,3.0468273,5.7984972,12.53348,18.243448,7.0371599,3765.1321,152.84599,Monocentric-Dispersed
11100,"Amarillo, TX",2,.043564375,16.577915,3.0469327,6.2041178,36.904987,21.264868,7.0540028,4734.1934,151.17101,Duocentric-Dispersed
42100,"Santa Cruz-Watsonville, CA",1,.17629623,8.2843952,3.0793948,10.156706,11.353823,12.461951,4.1755171,1134.2429,149.679,Monocentric-Dispersed
36500,"Olympia-Tumwater, WA",1,.1273234,16.77347,6.9534311,6.1687913,28.733967,9.6931715,11.86605,1518.7753,146.064,Monocentric-Dispersed
12700,"Barnstable Town, MA",1,.36600745,9.7563667,6.0586557,9.9528227,19.734821,4.99683,3.8547072,921.29712,145.054,Monocentric-Dispersed
45820,"Topeka, KS",1,.055281956,20.11779,11.680604,5.3443942,31.597483,23.13571,12.630128,3953.481,144.66299,Monocentric-Agglomerated
28700,"Kingsport-Bristol-Bristol, TN-VA",1,.075158343,8.0305805,24.618929,1.3167285,4.7274122,5.403204,2.748503,2995.0461,144.535,Monocentric-Dispersed
47380,"Waco, TX",1,.051520824,6.320282,1.8203194,3.7472308,10.703299,9.1242323,5.2152128,3635.7773,144.32899,Monocentric-Dispersed
31420,"Macon, GA",1,.08116667,18.243984,2.7555232,4.7641187,32.569206,19.832878,16.757538,3462.573,144.19,Monocentric-Dispersed
29340,"Lake Charles, LA",1,.063679934,6.144712,9.088623,2.6271243,7.6269732,16.136003,2.5729403,2944.2393,144.00999,Monocentric-Dispersed
46340,"Tyler, TX",1,.10154381,14.443372,.93715185,1.7077236,35.103729,5.4048762,10.051858,2401.4402,143.983,Monocentric-Dispersed
47300,"Visalia-Porterville, CA",1,.055822905,7.2163796,3.2112584,5.9268737,11.270816,13.115416,4.2243638,4357.1948,143.008,Monocentric-Dispersed
31340,"Lynchburg, VA",1,.043794341,5.3571811,3.6691844,4.3219266,7.1981487,8.0066681,3.9221547,4134.8345,141.063,Monocentric-Dispersed
21140,"Elkhart-Goshen, IN",1,.14582655,3.4869657,1.1179394,2.76513,5.2985783,13.0782,3.6305437,1199.6982,140.552,Monocentric-Dispersed
15540,"Burlington-South Burlington, VT",1,.1079331,13.717,5.0419726,16.942339,16.255976,19.8291,7.5743084,1969.8611,140.19099,Monocentric-Dispersed
40340,"Rochester, MN",1,.054565433,29.463352,1.6380059,11.82566,14.579678,18.516777,59.125854,3783.9807,137.856,Monocentric-Dispersed
14740,"Bremerton-Silverdale, WA",2,.18742467,18.805183,.73626375,1.4881223,30.198166,33.479752,.50381088,997.62549,137.494,Duocentric-Agglomerated
22900,"Fort Smith, AR-OK",1,.055338711,8.084218,3.1061473,2.1761839,20.001513,4.0766873,3.7436085,4063.0381,136.55,Monocentric-Dispersed
37460,"Panama City, FL",1,.062299505,3.8035214,3.475122,2.3774295,4.0644193,8.3894119,2.6903727,2207.0051,136.13699,Monocentric-Dispersed
25180,"Hagerstown-Martinsburg, MD-WV",1,.10782483,6.1870852,1.6149838,4.3328948,10.210843,8.6470413,4.0968404,1796.2891,133.116,Monocentric-Dispersed
42020,"San Luis Obispo-Paso Robles-Arroyo Grande, CA",1,.059538372,11.363327,4.8818769,10.010681,17.21203,16.560022,4.8960571,2933.041,132.25,Monocentric-Dispersed
20260,"Duluth, MN-WI",1,.060989086,20.703831,6.9248896,13.967271,30.489742,34.732876,13.823874,3691.9395,131.59399,Monocentric-Agglomerated
17860,"Columbia, MO",1,.11689207,23.002007,3.4894915,15.699907,44.600929,11.683178,6.8306494,1764.7612,128.14101,Monocentric-Dispersed
44300,"State College, PA",1,.057340953,26.232517,.21260764,3.7235105,48.887184,3.6446469,1.4050583,2287.134,127.483,Monocentric-Dispersed
16580,"Champaign-Urbana, IL",1,.060252294,12.047112,.68115675,8.3750696,25.248863,6.2144675,2.9810297,3422.333,127.101,Monocentric-Dispersed
17780,"College Station-Bryan, TX",1,.045727104,9.2684679,1.7224797,2.9407938,21.148956,5.4249296,3.9879277,3142.9036,125.49,Monocentric-Dispersed
29200,"Lafayette-West Lafayette, IN",1,.064722873,16.866873,.35199851,6.8703041,39.133602,3.6918991,3.9084573,2510.4507,125.204,Monocentric-Dispersed
33740,"Monroe, LA",1,.1449701,13.131778,5.770607,7.858048,23.067862,17.215164,8.8874264,2501.6086,124.035,Monocentric-Dispersed
26380,"Houma-Thibodaux, LA",1,.04976625,8.943923,15.399685,4.3872218,17.281784,9.4884214,3.0315681,3389.3892,122.955,Monocentric-Dispersed
41060,"St. Cloud, MN",1,.037026826,6.0970297,2.0337284,18.687248,1.9481028,6.6264277,3.528589,3208.155,119.386,Monocentric-Dispersed
40980,"Saginaw, MI",1,.031040629,6.932004,31.39085,.052102719,.12615341,1.539158,.49740577,2016.2479,119.345,Monocentric-Dispersed
13380,"Bellingham, WA",1,.13917506,10.259753,6.5274935,8.0452919,15.291708,18.626335,5.8346558,1661.9894,118.112,Monocentric-Dispersed
32780,"Medford, OR",1,.059220891,9.9388885,3.8013916,12.924282,13.88177,13.623253,5.7572856,4537.5479,115.526,Monocentric-Dispersed
30980,"Longview, TX",1,.081589364,8.3912907,2.2795281,3.5380256,18.392359,16.97607,4.5853066,2528.2681,114.309,Monocentric-Dispersed
28420,"Kennewick-Richland, WA",1,.019870223,7.6273632,.050695248,0,15.320234,19.466976,.27173913,3756.5171,114.299,Monocentric-Dispersed
29700,"Laredo, TX",1,.027272876,5.0450292,1.2452266,16.103395,1.2676483,6.4715319,1.1251533,2747.7712,112.15,Monocentric-Dispersed
25940,"Hilton Head Island-Bluffton-Beaufort, SC",1,.059768703,4.528482,1.9779021,5.4144011,1.8204744,9.1044035,4.0036945,2307.7625,111.141,Monocentric-Dispersed
23580,"Gainesville, GA",1,.26300508,15.244905,12.050599,8.4534054,30.155245,23.772362,8.7498093,1022.2605,110.614,Monocentric-Agglomerated
14010,"Bloomington, IL",1,.04007997,16.51437,.67083043,2.4557734,11.657114,44.961948,2.4654679,3274.2258,109.983,Monocentric-Agglomerated
42140,"Santa Fe, NM",1,.045967951,16.277395,9.4277601,24.202398,13.096303,21.176533,10.077031,3257.5212,109.778,Monocentric-Dispersed
24540,"Greeley, CO",1,.079872802,8.0823507,6.0428963,6.2075491,17.935299,6.2258229,3.7544031,3913.5122,109.337,Monocentric-Dispersed
46220,"Tuscaloosa, AL",1,.05014785,10.669143,.35731301,15.09411,22.57288,.99454123,.49066094,3985.7676,108.781,Monocentric-Dispersed
27620,"Jefferson City, MO",1,.047415316,25.364946,9.9562016,11.802256,35.187153,27.984671,16.799164,3689.2668,108.646,Monocentric-Agglomerated
12020,"Athens-Clarke County, GA",1,.083844528,13.323914,1.8109002,11.400482,23.379511,12.221311,5.47615,2384.3616,108.279,Monocentric-Dispersed
17020,"Chico, CA",1,.064420968,8.4323473,3.3798964,9.8606548,11.731685,9.337676,3.8653367,2620.5859,107.645,Monocentric-Dispersed
42680,"Sebastian-Vero Beach, FL",1,.1391789,7.672246,9.0773811,5.1733832,11.454424,11.070333,5.9013486,987.9054,107.361,Monocentric-Dispersed
47940,"Waterloo-Cedar Falls, IA",1,.034883812,4.7587266,4.8269949,3.0143638,5.0285792,9.9377337,3.1820991,2505.334,106.373,Monocentric-Dispersed
43580,"Sioux City, IA-NE-SD",1,.039153032,10.988442,5.0820565,11.383076,16.172276,20.982574,6.4011035,4471.7778,106.248,Monocentric-Dispersed
13980,"Blacksburg-Christiansburg-Radford, VA",1,.063791782,13.641122,4.2572465,6.2325735,29.1119,5.9781103,5.1959891,3518.0657,106.047,Monocentric-Dispersed
48660,"Wichita Falls, TX",1,.013495116,14.26375,.16635679,0,30.38855,.075815015,.36946514,4174.0527,106.017,Monocentric-Dispersed
22500,"Florence, SC",1,.050795645,7.9640141,.66006601,2.0391319,19.983074,8.9416952,2.8218858,3076.5613,105.374,Monocentric-Dispersed
10780,"Alexandria, LA",1,.036953337,8.461215,1.2826183,3.9461412,14.924745,10.69148,5.276535,3886.7566,104.784,Monocentric-Dispersed
39460,"Punta Gorda, FL",1,.1011604,5.3926368,1.4398848,13.35502,7.4204793,4.7244096,.52387667,1111.5153,104.142,Monocentric-Dispersed
13460,"Bend-Redmond, OR",1,.071439408,8.6762762,7.4889183,7.38659,10.539947,13.813782,5.7635026,2899.7991,103.443,Monocentric-Dispersed
26980,"Iowa City, IA",1,.075762503,29.122957,2.2400277,11.252457,56.172455,21.30122,8.3839216,2309.0642,103.427,Monocentric-Dispersed
20740,"Eau Claire, WI",1,.092740729,11.825571,.89818555,6.0793171,25.247509,18.027105,3.1059983,2965.2996,102.735,Monocentric-Dispersed
29100,"La Crosse-Onalaska, WI-MN",1,.045701936,12.715693,2.9538858,14.736741,12.691813,32.117306,6.3801756,2328.2646,101.591,Monocentric-Agglomerated
24780,"Greenville, NC",1,.10793374,20.29579,.44772407,3.3972077,48.909843,1.8385365,.53086907,1679.0068,101.356,Monocentric-Dispersed
27900,"Joplin, MO",1,.0538541,4.8458977,2.1791677,2.7871497,5.2204585,11.734921,6.2646194,3248.7917,100.972,Monocentric-Dispersed
27740,"Johnson City, TN",1,.050222363,6.3228269,.24937657,.84228063,18.447683,1.4831262,.84068358,2115.0913,100.667,Monocentric-Dispersed
13740,"Billings, MT",1,.035112016,16.066643,6.634057,8.7383385,26.604992,29.097458,10.90964,4270.5225,100.357,Monocentric-Agglomerated
39820,"Redding, CA",1,.051108461,10.774544,4.716176,5.3536782,19.388351,11.150521,5.7443571,3174.0208,98.741997,Monocentric-Dispersed
49420,"Yakima, WA",1,.044243697,9.6015882,4.0894814,9.1582384,12.323409,24.387886,4.6983123,4095.563,97.712997,Monocentric-Agglomerated
20100,"Dover, DE",1,.12969919,12.814784,2.4318731,4.2638659,24.166294,16.861725,6.5999489,1351.8204,97.567001,Monocentric-Dispersed
39540,"Racine, WI",1,.20422201,9.1454525,11.923579,4.2567525,12.572109,9.76196,4.943429,733.45703,96.670998,Monocentric-Dispersed
33260,"Midland, TX",1,.031723987,17.965601,12.472579,5.6392598,16.024752,29.646238,21.452429,3348.4365,96.283997,Monocentric-Agglomerated
14540,"Bowling Green, KY",1,.032981817,9.4924459,35.075138,.54657,.31744671,.35190615,1.0624777,3604.709,96.108002,Monocentric-Dispersed
27980,"Kahului-Wailuku-Lahaina, HI",1,.023381336,4.6113997,3.5237193,1.5022038,9.9152203,7.2828217,4.3235269,2939.854,95.740997,Monocentric-Dispersed
10180,"Abilene, TX",1,.037814941,7.9979825,10.616593,3.6376526,6.0734849,23.562105,4.863308,4132.6309,95.174004,Monocentric-Agglomerated
41540,"Salisbury, MD-DE",1,.079360753,6.7930269,2.0602822,5.0693965,10.665137,14.631348,3.9839752,2677.5601,93.963997,Monocentric-Dispersed
29740,"Las Cruces, NM",1,.013123779,8.5808506,0,.15196607,19.443789,.97349107,2.5463481,4752.6494,93.393997,Monocentric-Dispersed
34900,"Napa, CA",1,.076251179,7.7336164,5.2963357,10.088643,5.9229035,13.816135,5.4786701,1811.0248,93.293999,Monocentric-Dispersed
24300,"Grand Junction, CO",1,.032005653,7.9293346,5.2614188,7.3503976,8.7002497,16.848434,4.3767977,4296.3091,92.491997,Monocentric-Dispersed
35660,"Niles-Benton Harbor, MI",1,.15576501,7.2578812,.58588815,3.6288753,13.068535,6.5757222,10.403905,1478.0076,92.464996,Monocentric-Dispersed
12980,"Battle Creek, MI",1,.091997929,13.919354,31.008112,3.7844627,7.8584652,16.99151,5.9251485,1559.946,92.454002,Monocentric-Dispersed
14020,"Bloomington, IN",1,.09850809,12.808098,3.7812114,14.284148,19.942314,16.454519,6.7452731,1518.4849,91.083,Monocentric-Dispersed
45500,"Texarkana, TX-AR",1,.015520432,6.5479674,.31456432,.071467839,17.776411,.31347963,.39132562,3631.1453,90.593002,Monocentric-Dispersed
13900,"Bismarck, ND",1,.036685597,16.812593,6.1879959,12.764009,23.853508,20.127474,12.278924,4430.543,89.314003,Monocentric-Dispersed
38340,"Pittsfield, MA",1,.088573463,11.940584,3.3861237,8.9146357,13.396451,24.73897,11.266666,2046.0859,88.797997,Monocentric-Agglomerated
27180,"Jackson, TN",1,.064726584,10.259745,.25954947,3.6449044,31.983385,.90884054,1.7826552,2225.8469,88.432999,Monocentric-Dispersed
25620,"Hattiesburg, MS",1,.063972667,12.581149,2.2063422,8.8768835,26.400789,4.8271432,2.7023983,3028.5042,87.647003,Monocentric-Dispersed
33540,"Missoula, MT",1,.039108299,20.047613,5.7472458,10.821288,31.489557,32.16029,12.062235,3194.0579,87.372002,Monocentric-Agglomerated
17300,"Clarksville, TN-KY",1,.059744753,4.9234762,.79641992,3.7018151,5.2793398,12.328036,4.9947186,2196.3757,87.031998,Monocentric-Dispersed
48140,"Wausau, WI",1,.049661208,10.708622,1.8317729,26.267424,12.847861,13.890233,5.1717062,3136.7688,87.014,Monocentric-Dispersed
47580,"Warner Robins, GA",1,.10424612,9.6511745,.71674311,.99531239,27.234621,3.0212884,1.0928652,1319.6896,86.777,Monocentric-Dispersed
10500,"Albany, GA",1,.053899392,8.0880404,3.2196655,3.6450641,10.593019,17.813002,6.2633777,3942.7261,86.733002,Monocentric-Dispersed
48540,"Wheeling, WV-OH",1,.060594857,16.167027,9.9077225,5.2256532,18.968624,37.19421,17.171074,1956.4989,86.429001,Monocentric-Agglomerated
29420,"Lake Havasu City-Kingman, AZ",1,.014983357,6.2874703,2.9037728,7.8226404,8.7998466,7.8745508,3.1308286,10898.183,86.235001,Monocentric-Dispersed
28740,"Kingston, NY",1,.12537545,12.179367,8.7970953,7.0873685,15.892863,19.941751,9.0847836,2044.3962,85.456001,Monocentric-Dispersed
47220,"Vineland-Bridgeton, NJ",1,.12772469,6.9138207,1.6747075,2.4385738,14.262346,7.5801749,3.3118675,1222.892,84.265999,Monocentric-Dispersed
12620,"Bangor, ME",1,.056449782,11.311234,3.4722223,7.8302169,9.9374104,29.978119,11.292934,2888.4299,83.836998,Monocentric-Agglomerated
19300,"Daphne-Fairhope-Foley, AL",1,.15419033,6.8005443,6.7222223,5.4214516,16.123064,5.714931,2.8887043,1903.4647,83.758003,Monocentric-Dispersed
45460,"Terre Haute, IN",1,.065353252,13.939945,4.4192414,5.8409209,24.444626,30.651045,7.1382256,2486.863,83.623001,Monocentric-Agglomerated
27500,"Janesville-Beloit, WI",1,.084034212,5.039979,1.689851,3.0771065,7.1820073,13.846935,4.6045537,1862.583,83.293999,Monocentric-Dispersed
49740,"Yuma, AZ",1,.026779342,11.926087,7.9795327,3.2887402,27.036961,5.5379949,2.5032594,3265.6694,83.179001,Monocentric-Dispersed
39660,"Rapid City, SD",1,.035775702,10.861911,6.1206613,8.7544832,9.4338779,19.782852,10.608607,4542.002,82.931999,Monocentric-Dispersed
40580,"Rocky Mount, NC",1,.05478812,6.025754,1.3128985,2.8620167,12.474785,8.8538437,4.7822704,2512.5071,82.861,Monocentric-Dispersed
19140,"Dalton, GA",1,.034628551,4.9722486,11.345201,0,0,0,.10726325,1630.5829,82.698997,Monocentric-Dispersed
16540,"Chambersburg-Waynesboro, PA",1,.05478023,5.2731676,21.003609,.044317823,.07564678,.11166946,.08016032,1711.4714,82.550003,Monocentric-Dispersed
15500,"Burlington, NC",1,.15134321,8.9467955,3.5784314,2.8149977,22.226406,8.7086468,4.0471582,1113.2881,81.817001,Monocentric-Dispersed
27100,"Jackson, MI",1,.11212419,15.26158,7.6317058,8.8249178,20.772655,21.957014,18.891989,1840.5219,81.714996,Monocentric-Dispersed
21060,"Elizabethtown-Fort Knox, KY",1,.05786771,16.743784,.29293299,1.01025,40.323643,1.6498138,2.2693608,2797.7317,80.830002,Monocentric-Dispersed
20020,"Dothan, AL",1,.024478672,4.3222566,.013469827,1.6853606,14.917737,1.1899791,.57918078,3066.8132,80.767998,Monocentric-Dispersed
34060,"Morgantown, WV",1,.074458346,19.539831,15.323496,7.7034464,26.864208,36.703136,5.8666668,2014.1836,80.579002,Monocentric-Agglomerated
34740,"Muskegon, MI",1,.097401671,5.8576155,4.2672029,4.6345401,8.4678135,9.8850861,3.1130095,1283.3646,80.374001,Monocentric-Dispersed
20220,"Dubuque, IA",1,.066043727,11.536532,6.8669286,11.932555,9.6371946,27.672565,9.1770344,2369.1167,79.737999,Monocentric-Agglomerated
39380,"Pueblo, CO",1,.033888139,8.1028538,5.3453946,5.8134165,9.2088928,15.184049,6.0404401,4057.8584,79.724998,Monocentric-Dispersed
24020,"Glens Falls, NY",1,.051827185,11.274198,3.0333765,4.4365573,18.864847,25.548153,7.4861131,3374.3369,78.417999,Monocentric-Agglomerated
30860,"Logan, UT-ID",1,.029938711,13.579143,.0063673989,3.3904355,46.228573,1.0503213,1.2386795,2925.5898,78.245003,Monocentric-Dispersed
41100,"St. George, UT",1,.094130255,12.351496,20.915955,8.1021423,17.305624,16.773085,5.1820989,2651.6355,78.112,Monocentric-Dispersed
11020,"Altoona, PA",1,.092704713,7.3471427,4.5881596,2.6372225,16.212353,6.0860057,4.1498418,1348.0874,78.112,Monocentric-Dispersed
17660,"Coeur d'Alene, ID",1,.083910733,16.296726,2.118912,15.80815,36.887314,19.836239,6.1557608,2909.2075,77.580002,Monocentric-Dispersed
39140,"Prescott, AZ",1,.042483315,16.316605,5.5818853,13.306452,26.412222,26.547672,6.4996386,4855.1694,77.510002,Monocentric-Agglomerated
26820,"Idaho Falls, ID",1,.041561823,7.0586247,4.4561181,7.5954704,11.30655,8.3287258,4.3037348,3007.8506,76.998001,Monocentric-Dispersed
46660,"Valdosta, GA",1,.055686962,4.9637814,2.3080299,3.8081396,4.584033,11.953226,4.6262712,3254.9316,76.755997,Monocentric-Dispersed
22520,"Florence-Muscle Shoals, AL",1,.062089495,8.1193323,2.4037654,4.2797947,12.644266,20.601028,7.6271696,2819.926,76.089996,Monocentric-Dispersed
25500,"Harrisonburg, VA",1,.076407924,7.5563207,2.1752503,3.5500572,8.2664909,28.944529,4.4356003,2042.3717,76.082001,Monocentric-Agglomerated
49020,"Winchester, VA-WV",1,.06645634,9.094017,.16118634,.8075192,32.77433,1.509612,.56067044,1785.8318,76.060997,Monocentric-Dispersed
30620,"Lima, OH",1,.14406092,11.602291,2.3819325,4.5273967,19.730711,20.168299,11.638714,1040.7655,74.899002,Monocentric-Dispersed
31900,"Mansfield, OH",1,.12633029,9.5745831,5.6105804,4,12.923708,17.988634,10.003347,1285.024,74.092003,Monocentric-Dispersed
49700,"Yuba City, CA",1,.040774737,7.6720471,3.2986112,7.4493127,10.273902,7.7620969,5.3004518,2605.9714,74.035004,Monocentric-Dispersed
11180,"Ames, IA",1,.084251739,12.867208,3.4573076,17.704281,11.575477,23.835711,7.5588121,1483.8516,73.800003,Monocentric-Agglomerated
16060,"Carbondale-Marion, IL",1,.059048556,6.2522912,0,.059480537,.10438413,.20658785,36.084682,2222.679,73.653,Monocentric-Dispersed
36220,"Odessa, TX",1,.059859131,9.4236832,3.1070635,2.3992393,27.227961,11.173001,2.9545455,1983.9753,73.240997,Monocentric-Dispersed
16940,"Cheyenne, WY",1,.036771525,18.533596,9.2257538,11.533516,22.935171,23.854368,14.994346,2885.4695,72.462997,Monocentric-Agglomerated
43100,"Sheboygan, WI",1,.084494434,5.7546988,1.953969,9.3881464,3.995343,15.79655,3.6506801,1331.0144,72.253998,Monocentric-Dispersed
48700,"Williamsport, PA",1,.057782475,12.757436,2.4215038,12.492754,22.131062,21.124565,8.1943226,2492.9663,72.153999,Monocentric-Dispersed
20700,"East Stroudsburg, PA",1,.13324673,9.8866062,5.1261559,9.3678274,10.015167,20.504456,7.7725611,1499.8923,72.138,Monocentric-Dispersed
26140,"Homosassa Springs, FL",1,.12660696,7.441503,.75489879,5.8049154,19.036442,6.6053867,2.4921722,1531.3538,71.584999,Monocentric-Dispersed
27780,"Johnstown, PA",1,.075873643,9.8331833,5.2359734,7.2407045,6.7868967,22.075552,12.556539,1400.3866,71.096001,Monocentric-Dispersed
31860,"Mankato-North Mankato, MN",1,.068170339,7.7876887,4.1593928,19.716112,5.3128471,7.7006617,3.8563724,2838.3418,70.405998,Monocentric-Dispersed
44220,"Springfield, OH",1,.12154301,8.7007904,6.9109774,3.8933148,11.930575,21.317888,4.5126119,1028.5343,70.235001,Monocentric-Dispersed
32900,"Merced, CA",1,.04705371,10.172429,2.5148408,6.0593328,19.961569,15.313845,3.7594736,2792.2051,69.825996,Monocentric-Dispersed
48260,"Weirton-Steubenville, WV-OH",1,.066561103,6.3539438,7.8958731,2.5923479,9.2578316,5.9727292,4.1849403,1504.4923,69.689003,Monocentric-Dispersed
19460,"Decatur, AL",1,.066496849,6.4685616,2.593164,4.0207996,10.526316,18.035212,4.0453262,2631.6802,69.660004,Monocentric-Dispersed
41140,"St. Joseph, MO-KS",1,.039821438,10.169344,7.8789444,3.6870046,17.117947,15.924594,6.4255481,3297.9414,68.913002,Monocentric-Dispersed
34620,"Muncie, IN",1,.11042772,15.41166,.18044794,3.3280392,40.945377,2.3207302,1.4858948,1018.6573,68.831001,Monocentric-Dispersed
43300,"Sherman-Denison, TX",1,.080822431,10.224199,9.5829992,3.0012376,15.591482,17.06842,6.7331357,2317.9832,68.778,Monocentric-Dispersed
42700,"Sebring, FL",1,.080673814,6.5152359,2.3216445,2.5413594,18.857475,11.523748,2.3922565,2014.625,68.194,Monocentric-Dispersed
27340,"Jacksonville, NC",1,.058110353,6.9697461,5.0475059,11.89909,6.3705716,7.0945029,3.4367511,1938.1196,67.792999,Monocentric-Dispersed
27060,"Ithaca, NY",1,.091447577,21.980259,.41334966,4.7167349,39.7122,23.074121,3.3450518,1232.4517,67.274002,Monocentric-Agglomerated
33780,"Monroe, MI",1,.091774113,5.8690543,.81976354,3.3129904,6.7709837,10.562739,10.974891,1430.0939,67.234001,Monocentric-Dispersed
35100,"New Bern, NC",1,.023176266,7.4412999,.7797848,3.1688728,20.972603,.040738728,0,3252.7998,67.206001,Monocentric-Dispersed
21820,"Fairbanks, AK",1,.026401194,8.9109507,3.9844217,6.5907779,7.3445883,23.441093,9.3543949,4740.7427,66.782997,Monocentric-Agglomerated
12220,"Auburn-Opelika, AL",1,.064116061,11.248178,.055212013,3.1239481,29.560894,2.8526564,1.155643,1461.9937,66.553001,Monocentric-Dispersed
15260,"Brunswick, GA",1,.047222182,6.1551433,5.711472,1.268566,10.223412,12.03264,3.9383049,1853.9755,66.416,Monocentric-Dispersed
44420,"Staunton-Waynesboro, VA",1,.067036748,6.1407881,1.3107547,5.5843544,7.4542146,12.914634,5.2008958,2327.8892,66.212997,Monocentric-Dispersed
19500,"Decatur, IL",1,.075128138,11.920881,5.1491098,5.9485531,21.402355,25.301771,6.0249152,1500.9072,65.875999,Monocentric-Agglomerated
24220,"Grand Forks, ND-MN",1,.019815257,11.535115,.012068549,.29904306,31.227249,1.9689451,1.4276749,4099.9033,65.513,Monocentric-Dispersed
41660,"San Angelo, TX",1,.023962809,11.431717,2.8299615,6.0631294,21.386057,14.211946,4.3815002,3652.9067,65.397003,Monocentric-Dispersed
36980,"Owensboro, KY",1,.065218464,9.097353,9.1461706,4.652494,13.116499,16.28615,4.9966149,2202.0205,64.898003,Monocentric-Dispersed
27860,"Jonesboro, AR",1,.043448556,8.321496,2.1931674,2.2918799,16.684238,15.892703,3.7767799,3164.6816,64.063004,Monocentric-Dispersed
34580,"Mount Vernon-Anacortes, WA",1,.071377262,4.9316397,11.807847,4.1456304,3.7352428,5.3294444,2.0626433,1396.7063,63.853001,Monocentric-Dispersed
25220,"Hammond, LA",1,.098384768,6.6734629,7.6879754,3.9027104,5.9048629,17.340349,4.1324544,1587.9496,63.759998,Monocentric-Dispersed
30140,"Lebanon, PA",1,.16052413,7.4067101,2.9330499,5.360889,11.853334,12.042971,5.8474374,936.24237,63.752998,Monocentric-Dispersed
33140,"Michigan City-La Porte, IN",1,.080507159,10.697363,2.6197243,6.3460355,17.746759,26.546476,7.3822656,1548.5322,62.679001,Monocentric-Agglomerated
20940,"El Centro, CA",1,.022195958,5.7043929,15.20347,9.7063875,.91448206,6.2284336,2.0526056,3386.5225,62.671001,Monocentric-Dispersed
28100,"Kankakee, IL",1,.071321994,6.2378263,1.2060055,5.1309772,10.750386,11.720021,2.5976245,1753.7881,62.120998,Monocentric-Dispersed
22140,"Farmington, NM",1,.024354924,6.670857,2.0716336,3.4055216,6.7735653,17.059084,7.015336,4111.5454,62.046001,Monocentric-Dispersed
22380,"Flagstaff, AZ",1,.022396129,11.455697,3.8474929,8.4705887,18.948496,19.19891,4.4777164,4462.3267,62.039001,Monocentric-Dispersed
15680,"California-Lexington Park, MD",1,.074375167,6.0535393,2.0397489,.084546737,1.2697415,16.225687,10.372817,924.74585,61.749001,Monocentric-Dispersed
30340,"Lewiston-Auburn, ME",1,.104696,10.425041,4.4440346,12.541695,7.2838988,24.697182,9.1619596,1133.858,60.700001,Monocentric-Agglomerated
30020,"Lawton, OK",1,.030124916,9.1128006,4.4186049,9.3299265,10.727487,15.045653,4.3942194,3731.2441,60.629002,Monocentric-Dispersed
11500,"Anniston-Oxford-Jacksonville, AL",1,.10174125,13.908948,1.7813613,25.787436,11.636803,18.886076,7.802207,1349.1202,60.514999,Monocentric-Dispersed
37620,"Parkersburg-Vienna, WV",1,.057108164,12.634315,2.8149829,3.4530706,26.017229,28.559198,4.2869821,1640.2521,60.027,Monocentric-Agglomerated
29940,"Lawrence, KS",1,.095097058,8.7969599,6.4110928,14.995961,3.886101,14.52897,6.399229,1182.6216,59.998001,Monocentric-Dispersed
24140,"Goldsboro, NC",1,.088122725,7.638773,.86692673,.23955064,17.019522,1.299639,8.7875719,1417.2964,59.917999,Monocentric-Dispersed
36780,"Oshkosh-Neenah, WI",1,.14126575,6.0543146,.40852875,8.6243448,8.1036806,16.963402,4.0253277,490.98422,59.726002,Monocentric-Dispersed
18700,"Corvallis, OR",1,.065320648,23.927595,1.3383192,4.7179232,47.944321,9.1354609,1.8155144,1339.4592,58.560001,Monocentric-Dispersed
17420,"Cleveland, TN",1,.10630775,9.012105,20.099539,2.7605312,5.1137295,6.6470203,4.6052127,1350.7334,58.487999,Monocentric-Dispersed
21300,"Elmira, NY",1,.076952286,14.09234,.61740494,3.6622584,27.975338,20.53476,4.1029592,1055.66,58.436001,Monocentric-Dispersed
10540,"Albany, OR",1,.058239281,7.2945809,2.2935371,4.5826354,15.143561,12.006506,4.5941358,2038.1805,57.905998,Monocentric-Dispersed
48060,"Watertown-Fort Drum, NY",1,.045221105,11.939984,1.4212049,5.3712602,19.033798,28.496149,7.1540418,2630.8965,57.051998,Monocentric-Agglomerated
40660,"Rome, GA",1,.090803623,9.6438046,2.7470629,6.2518969,14.188063,21.604631,6.1430726,1307.2314,56.907001,Monocentric-Dispersed
16020,"Cape Girardeau, MO-IL",1,.044100728,7.9166446,.34710169,15.464168,13.046243,3.4116414,.27658814,2407.4194,56.337002,Monocentric-Dispersed
43420,"Sierra Vista-Douglas, AZ",1,.012355465,6.9746699,.087514587,4.2072124,13.15027,6.461771,.025484201,7004.3887,56.060001,Monocentric-Dispersed
34100,"Morristown, TN",1,.15300494,9.4770308,2.2101517,6.8394923,22.466383,16.298168,5.6648779,1144.2814,55.681999,Monocentric-Dispersed
19060,"Cumberland, MD-WV",1,.056997087,9.709053,2.2876713,12.226431,8.3322687,24.548897,9.4320011,1754.0197,55.473999,Monocentric-Agglomerated
29020,"Kokomo, IN",1,.18989317,15.654442,40.985386,6.4573283,.52388018,1.4268727,2.0522187,756.47925,54.451,Monocentric-Dispersed
18020,"Columbus, IN",1,.08275792,9.433095,5.9037056,6.1558056,10.618597,29.695431,6.3673468,1052.9314,54.382999,Monocentric-Agglomerated
14100,"Bloomsburg-Berwick, PA",1,.035481393,17.224262,0,.044135496,26.918407,.10541851,34.3433,1587.5328,54.191002,Monocentric-Dispersed
26300,"Hot Springs, AR",1,.07754045,11.027361,3.230128,7.5128675,20.367249,13.661512,4.5845532,1612.6449,54.129002,Monocentric-Dispersed
22540,"Fond du Lac, WI",1,.064509191,11.348712,3.0661736,6.8126521,18.540733,30.213633,6.7990894,1840.6349,54.058998,Monocentric-Agglomerated
44940,"Sumter, SC",1,.072900802,14.82658,1.8339447,8.0930233,23.357317,18.002466,15.361552,1712.5726,53.828999,Monocentric-Dispersed
24500,"Great Falls, MT",1,.027445478,11.558079,9.1467581,7.9207077,7.9418592,34.700359,7.5106688,3418.7798,53.720001,Monocentric-Agglomerated
16220,"Casper, WY",1,.026866326,11.167267,2.98318,8.756856,14.267374,27.085066,7.891233,4185.8574,53.620998,Monocentric-Agglomerated
47020,"Victoria, TX",1,.038437482,10.554961,3.118078,4.288939,11.90521,27.857546,8.0943365,2926.8445,53.283001,Monocentric-Agglomerated
13220,"Beckley, WV",1,.036659688,7.6256533,2.0888958,2.9653897,12.153396,15.485203,4.748436,2555.8755,53.202,Monocentric-Dispersed
48300,"Wenatchee, WA",1,.036112599,9.9223585,3.9920442,8.6684303,5.1201353,20.874142,13.704206,2768.7686,53.193001,Monocentric-Dispersed
13020,"Bay City, MI",1,.11203224,9.3305178,7.0293093,7.0720425,12.433005,16.940821,5.074656,1117.4352,53.041,Monocentric-Dispersed
31740,"Manhattan, KS",1,.030786023,16.372679,.11203226,8.2086897,33.753613,12.04133,2.6191013,2842.4839,51.873001,Monocentric-Dispersed
25260,"Hanford-Corcoran, CA",1,.029723898,6.0127201,.58303553,7.8350143,8.8814774,6.3735042,1.8869536,2517.6838,51.257999,Monocentric-Dispersed
31020,"Longview, WA",1,.065821275,6.9168105,2.7280903,10.405461,6.4282899,12.632175,5.9405942,1713.6475,51.063999,Monocentric-Dispersed
24260,"Grand Island, NE",1,.027479379,7.2343855,2.0485454,6.988564,9.2532177,16.94434,6.5045543,3870.0674,50.882,Monocentric-Dispersed
23900,"Gettysburg, PA",1,.097356953,9.7293272,.8365019,10.194473,21.055277,17.130232,4.6371799,1348.1165,49.653999,Monocentric-Dispersed
23460,"Gadsden, AL",1,.097330064,10.573587,3.5620468,5.5023923,14.533372,28.840376,7.9142375,1349.5516,48.431999,Monocentric-Agglomerated
33220,"Midland, MI",1,.10142572,9.0826941,32.909569,.20498805,.04329754,6.6293764,.91629285,1354.1316,47.584999,Monocentric-Dispersed
16180,"Carson City, NV",1,.17308366,16.01042,7.7988615,18.32324,19.612104,15.81286,10.223101,361.05124,46.832001,Monocentric-Dispersed
36140,"Ocean City, NJ",1,.19255207,8.6675463,8.3628635,11.284616,6.1679449,14.375812,6.6211605,552.41443,46.252998,Monocentric-Dispersed
38220,"Pine Bluff, AR",1,.028468715,5.5019965,3.4001484,2.7923212,5.2194953,17.99308,3.5517523,3947.282,45.328999,Monocentric-Dispersed
38540,"Pocatello, ID",1,.056329004,7.7899528,10.697439,7.2300773,4.0484538,9.2428198,10.735213,1666.4486,42.618999,Monocentric-Dispersed
19180,"Danville, IL",1,.033588033,7.226831,.15809315,3.2085562,18.322937,3.0644433,.89297271,2042.7765,42.189999,Monocentric-Dispersed
45540,"The Villages, FL",1,.088214241,9.8038712,7.1073413,6.9571772,1.128942,7.7658849,20.531115,1062.9263,39.259998,Monocentric-Dispersed
24420,"Grants Pass, OR",1,.058670059,13.254641,5.561614,12.957887,18.061892,23.318224,9.2161427,2030.0614,38.462002,Monocentric-Agglomerated
30300,"Lewiston, ID-WA",1,.029795794,6.2930689,2.1219785,2.581121,13.10447,5.4244099,4.1491189,2516.0178,37.294998,Monocentric-Dispersed
31460,"Madera, CA",1,.043756559,6.6681566,5.1580205,6.6666665,7.6711149,17.135258,3.6305733,1708.2549,35.797001,Monocentric-Dispersed
47460,"Walla Walla, WA",1,.030204102,17.462601,5.857533,15.976866,17.306677,46.052292,10.85396,2687.7258,34.759998,Monocentric-Agglomerated
25980,"Hinesville, GA",1,.035765838,8.4754858,4.6219611,11.296396,3.7490056,23.444401,9.9917564,2271.5508,27.962999,Monocentric-Agglomerated
,"Mean, employment >= 1M",3.7777777,.28482676,13.269474,,,,21.219618,,,,
,"Mean, employment < 1M",1.1449275,.095056765,10.763482,,,,14.852637,,,,
